index,Trip ID,Taxi ID,Trip Start Timestamp,Trip End Timestamp,Trip Seconds,Trip Miles,Pickup Census Tract,Dropoff Census Tract,Pickup Community Area,Dropoff Community Area,Fare,Tips,Tolls,Extras,Trip Total,Payment Type,Company,Pickup Centroid Latitude,Pickup Centroid Longitude,Pickup Centroid Location,Dropoff Centroid Latitude,Dropoff Centroid Longitude,Dropoff Centroid  Location
3430,017a2fea5ac6185863903037783f1b6e7d911302,3e9fa37399a92d069c760183cd37837dacb026172ac17e2033457911da4ba33a1162d78b179f976a7e8a26735348a1f8465bec9d7083f4d0051343b3c7a323a2,10/8/13 06:15,10/8/13 06:30,300,0,,,8,7,$7.25 ,$2.00 ,$0.00 ,$0.00 ,$9.25 ,Credit Card,Taxi Affiliation Services,41.89960211,-87.63330804,POINT (-87.633308 41.899602),41.92268628,-87.64948873,POINT (-87.649489 41.922686)
4480,017cdd75cda41971991d619e32c13f545469d53a,d7f7e8e4b06fea15a11863397d5df6352cc6e786f535408dfe304d950f4539a3972cac285ae16163d476339e4d036f1ccf2a3961d8f79eb22002bc3db1eafb69,2/18/13 13:45,2/18/13 14:00,1140,1.1,17031081700,17031838300,8,8,$10.25 ,$0.00 ,$0.00 ,$0.00 ,$10.25 ,Cash,Choice Taxi Association,41.89204214,-87.63186395,POINT (-87.631864 41.892042),41.90156691,-87.63840401,POINT (-87.638404 41.901567)
4505,017ceb42a134c530b3218fdf5d3c27d67d70abc1,5e73e09a0fbf52da4bf98de97fe01a5a30ab4ea25b61a1a1424e104c9421387731dcc34ddd758ce58c94e91cd3ebd2b1247ba4891812cd7125fe2e192be4fbb5,3/11/13 16:00,3/11/13 16:00,300,1.3,,,,,$5.45 ,$2.55 ,$0.00 ,$0.00 ,$8.00 ,Credit Card,,,,,,,
9661,0189b1bfae9161a530e3f355a4159f630d01d53e,00b748881be01a2d40ef5c65907ffdb86d732a2a50c024466cac7c100072fa0eee4f42099232ff6cfd08d2d14f30cc33a0ed0084cd5a0702fc06482ce13e2174,3/12/13 11:45,3/12/13 11:45,0,0,17031081800,17031081800,8,8,$3.25 ,$0.00 ,$0.00 ,$0.00 ,$3.25 ,Cash,,41.89321636,-87.63784421,POINT (-87.637844 41.893216),41.89321636,-87.63784421,POINT (-87.637844 41.893216)
14444,0195ad7b07a79cdd37970326d3d6a342e9e7c0db,807b5d99114d04269a924c3a1a541b432b8091f9f2e3f798e90879e123e103522ed2f43830ecb29b2ffe5c5f0c1814e0d133b8088908a891fdf5c243a71d1465,3/9/13 19:30,3/9/13 20:00,1620,0,17031980000,17031320600,76,32,$35.85 ,$0.00 ,$0.00 ,$2.00 ,$37.85 ,Cash,Taxi Affiliation Services,41.97907082,-87.90303966,POINT (-87.90304 41.979071),41.87060737,-87.62217294,POINT (-87.622173 41.870607)
15109,0197386709177d7bad88299307f7db435bff2551,a69c4405c2411af33a80bb6f4c566349e542284b0ef109b4b5cf7384c74ba07e58b8c37bcfbed161d351146c3581c8faf36625c60ba053cd18cde3e5b8f553fb,1/27/13 09:30,1/27/13 09:30,360,2.2,,,,,$7.25 ,$0.00 ,$0.00 ,$0.00 ,$7.25 ,Cash,,,,,,,
16906,019ba811bee471b71bcb1842e780a5044b9e5146,4fd75c7c134bf5f39620a584080dd63b25446d1c5897954ed5295d3b8f4631937671ad2c6913a9d23cdc8d1472229ba9b8f5f3a4c885f7699b8d1cda2fd627b2,5/30/13 21:00,5/30/13 21:15,960,0,17031081300,17031220400,8,22,$15.65 ,$0.00 ,$0.00 ,$1.00 ,$16.65 ,Cash,Taxi Affiliation Services,41.89833179,-87.62076287,POINT (-87.620763 41.898332),41.92843156,-87.69996859,POINT (-87.699969 41.928432)
25516,01b0b17d7e2e7aa6e73e4efae16449ae65c6cbfc,d5a39ffd1a6f7f670ef5196342c025b9ad62aa127b8f567c30e05caf38f73984fd3a51c8bcf472a73f5fceb419c90fcc80c4a536cbc77a3c037285899270a80f,4/2/13 09:15,4/2/13 09:30,960,0,,,6,8,$10.45 ,$0.00 ,$0.00 ,$0.00 ,$10.45 ,Cash,Blue Ribbon Taxi Association Inc.,41.9442266,-87.65599818,POINT (-87.655998 41.944227),41.89960211,-87.63330804,POINT (-87.633308 41.899602)
28356,01b7cd07b2201638cc8858b8d9d3c5b4c233c39f,1894f6935f54bc786fb24b8c07705e8714f62fa301176d310ae85ce200050f606d7d8cdc341ec26c701cdc26408064522d1fd47dd5316ce44563cd047f4d5c51,4/3/13 01:30,4/3/13 02:00,1080,0.3,,,40,73,$15.85 ,$0.00 ,$0.00 ,$1.00 ,$16.85 ,Cash,Taxi Affiliation Services,41.79235722,-87.61793138,POINT (-87.617931 41.792357),41.71749304,-87.64889507,POINT (-87.648895 41.717493)
30971,01be4284ae1454a832939cd3d21e333dde218583,995b6bbd9193c65ec96fba1f5ad0f412810baeea05f2b3b542f34f4e050c9e2864275421ce339aaaa242ae564a2aecb8f202cf78304f33d7f871cd29e8033b3f,9/9/13 20:30,9/9/13 20:30,840,8.2,,,8,77,$18.25 ,$0.00 ,$0.00 ,$0.00 ,$18.25 ,No Charge,Northwest Management LLC,41.89960211,-87.63330804,POINT (-87.633308 41.899602),41.9867118,-87.66341641,POINT (-87.663416 41.986712)
36164,01cb40d7252e87bfc0bbffe6a067f2646dc60319,565d45f83a15ee7d65f7e519ebd063597b2e7e4ef6309038af538a0091ba887e72011276f3c1f3a051eb1194c6af5cff4e431e1628b6649b6092c43f7a48fcf1,12/11/13 11:00,12/11/13 11:00,240,0.51,17031839100,,32,,$4.65 ,$0.00 ,$0.00 ,$0.00 ,$4.65 ,Cash,,41.88099447,-87.63274649,POINT (-87.632746 41.880994),,,
36939,01cd2bc03aa5d30ebe35c762e89543a0faed2586,c52371aa17a6dd092799762c903f7c4b67d720a67d23b59b4c95fabf799cd1763089c6bd04106ce5042f62ed0d4feebc5505caba57a6f720254ce82f336d70e0,4/3/13 19:45,4/3/13 19:45,180,0.05,17031060900,17031031400,6,3,$4.45 ,$0.00 ,$0.00 ,$0.00 ,$4.45 ,Cash,,41.94982935,-87.64396537,POINT (-87.643965 41.949829),41.96217863,-87.64537876,POINT (-87.645379 41.962179)
37818,01cf5150fbc398f3b24dcd022e967610004d3beb,e706ef8f26da9e9a3b647c0fa8c0aa6c73e32be29b4d27721daa2af0ffbad967f462a028ce76ff524bfb60af7d07c743f678584ef02b569722dd45d14023f43d,3/22/13 16:15,3/22/13 16:15,540,1.9,,,1,1,$8.05 ,$2.00 ,$0.00 ,$0.00 ,$10.05 ,Credit Card,,42.00962288,-87.67016686,POINT (-87.670167 42.009623),42.00962288,-87.67016686,POINT (-87.670167 42.009623)
40099,01d4fe2bbb48ad0069f8b50c67fdd90c494b1515,226fe0b00be42932bdff81bc0b318b883bfbf15dd48093d03140af856219bde65adc4b1712fc4ee2821abb4042a50ce77fbb416641de27bca3548950b91a51df,12/4/13 14:45,12/4/13 14:45,420,1.5,17031081401,17031839100,8,32,$6.45 ,$3.00 ,$0.00 ,$0.00 ,$9.45 ,Credit Card,Taxi Affiliation Services,41.89503345,-87.61971067,POINT (-87.619711 41.895033),41.88099447,-87.63274649,POINT (-87.632746 41.880994)
40226,01d550a91778b01137e95a627e4b0c3db4b87854,699000791eeb250ebd02a04accda9678b43fc8f1abc1fb64698c63caae15a865181d4e9d519d1533645991977ac80ebe9aaf3f74ced7a1c414602b7f33a3005e,11/26/13 19:00,11/26/13 19:15,480,1.9,,,,,$6.65 ,$0.00 ,$0.00 ,$0.00 ,$6.65 ,Credit Card,,,,,,,
45031,01e0fc558140e297bfff126b8e87a1fa6bce209d,d23aed55ac83a7582214498ce1c94c0ffd79714e7e4ae81869bdcba63cc147cef45ac3697f9b1dbabc073bf2a2e02095e3f22e624f1a9d2d8be738e2e2f18a2e,4/14/13 20:30,4/14/13 20:30,300,0,,17031081300,,8,$5.25 ,$0.00 ,$0.00 ,$2.00 ,$7.25 ,Cash,Taxi Affiliation Services,,,,41.89833179,-87.62076287,POINT (-87.620763 41.898332)
45490,01e215114c16330157213254134821b296dd376c,cd83cfd25c229da8eb9bedfd1b2e7c7dc2d647d77739d466079da1cdc19bc49c27fc4e0eea83174374bf8149a9e90e8a9d0feb135262f368a50e2f1f94504429,11/2/13 00:45,11/2/13 00:45,360,1.5,,,4,3,$6.45 ,$0.00 ,$0.00 ,$0.00 ,$6.45 ,Cash,Dispatch Taxi Affiliation,41.97517094,-87.68751552,POINT (-87.687516 41.975171),41.96581197,-87.65587879,POINT (-87.655879 41.965812)
47189,01e632185446a1ab15dd45d7a735df21653d19ae,3f975100bc8480070535faf96c6a9704f0e8eda4455243b0a0c7570eeadc573f74d52097fe9233d5ad5db7041e218ecc5f10b7094f29a206427ab8f74a4e87db,4/12/13 12:15,4/12/13 12:15,,0,,,,,$34.25 ,$6.85 ,$0.00 ,$0.00 ,$41.10 ,Credit Card,Chicago Elite Cab Corp.,,,,,,
47381,01e6a4d3866d8d276f915b2ec3e5ed66d552f721,99a996d079da15de20cb43da904ab1dfa54610da249cf2d04551ee0da726da7440a0733350f922be3b5ac6b14c2e3200aa5d2568c4862047e7d0a0a35ec97e69,5/7/13 16:00,5/7/13 16:15,540,28,17031839100,17031330100,32,33,$9.45 ,$0.00 ,$0.00 ,$1.00 ,$10.45 ,Cash,Taxi Affiliation Services,41.88099447,-87.63274649,POINT (-87.632746 41.880994),41.85934972,-87.61735801,POINT (-87.617358 41.85935)
50340,01edc4315c62df280ea7dbb07c1278f94a083bfa,c29d36a73f52bf9af3d34933bad30810c393c664d09b282b48cc9c2f35a9024571e2362ed09e1315d9b828ca08742db2bd9b1464990442c6cff69d64c223ebc8,3/8/13 07:00,3/8/13 07:15,1080,8,,,,,$20.25 ,$3.04 ,$0.00 ,$0.00 ,$23.29 ,Credit Card,,,,,,,
53111,01f462e435dc7e70c2bdf17f17c98856cd9f9e41,c237d44351f69d2afc9dc0cbc54c7812080b78b0e6910e3e377cfb6a2ec338bdc84e791d2ad532b15ba06bd3164795153a05c2e8878839f026d9e5493899ab18,1/2/13 13:00,1/2/13 13:15,180,0.5,17031839100,17031280100,32,28,$4.65 ,$2.00 ,$0.00 ,$1.00 ,$7.65 ,Credit Card,,41.88099447,-87.63274649,POINT (-87.632746 41.880994),41.88530002,-87.64280847,POINT (-87.642808 41.8853)
58012,020093f112f1c822de6066cded016d25fb573be6,01c983c59129108981f8914f0efb6e0a110ee56fd798f99fc4bf7f8321faf05270bfade66c5e8532c64a4276ce308519fd24606606018f3a51e3d58a0cde7549,9/24/13 18:45,9/24/13 18:45,240,0,17031081500,17031081201,8,8,$4.65 ,$0.00 ,$0.00 ,$0.00 ,$4.65 ,Cash,Taxi Affiliation Services,41.89250778,-87.62621491,POINT (-87.626215 41.892508),41.89915561,-87.62621053,POINT (-87.626211 41.899156)
62894,020c9b3cb664ed44a6e021310b40c41afac531a3,0008de7a146802839c9e6059f482d292ebdae13c5c31dd6e5983a80882e2a5dbcd6ea098c2fcd56f34ce02645eb94c6b39512e9304837746d4e289b6236c2c5b,11/14/13 11:30,11/14/13 11:45,780,0,,,77,32,$17.45 ,$0.00 ,$0.00 ,$0.00 ,$17.45 ,Cash,Taxi Affiliation Services,41.9867118,-87.66341641,POINT (-87.663416 41.986712),41.87886558,-87.62519214,POINT (-87.625192 41.878866)
65971,0213cb5e3462c8ba111c23f03ec8c7ecad2c58c0,144f6db98ba2bd667e131e37ed5b79fe44416ebe9337f58e7c73a495e01ec2348d882f57d9210a9883eab47da951c0b326580455dfa41a33dd821db828bd6638,4/23/13 14:30,4/23/13 14:45,360,1.1,17031281900,17031320100,28,32,$5.85 ,$0.00 ,$0.00 ,$0.00 ,$5.85 ,Cash,,41.87925508,-87.642649,POINT (-87.642649 41.879255),41.88498719,-87.62099291,POINT (-87.620993 41.884987)
68258,02198ba20bd1ec21d0da5efb3d31171e9f374e64,5427c7c8e32d65763749d7b6012d9503f596836139af7c70591f79ff90bb1024d9b9eecf1e575b496816c3fd6e3de4127bb94401e90701999dbfaddbe0a1ada2,10/5/13 22:45,10/5/13 23:00,540,0,17031081403,17031320600,8,32,$8.05 ,$0.00 ,$0.00 ,$2.00 ,$10.05 ,Cash,Taxi Affiliation Services,41.89092203,-87.61886836,POINT (-87.618868 41.890922),41.87060737,-87.62217294,POINT (-87.622173 41.870607)
68525,021a4b96ae7e1aea282effe96722b3f2be3add84,9485d031249d48320ce4b2cbe7b799635389123e87e38ab8826ca461a35c36a34467eb0270438fd960a5309224a1fccc2f0426b8dc3ea5af711c0ea3ae7bb51e,5/7/13 19:15,5/7/13 19:15,300,0,17031071500,17031081100,7,8,$5.65 ,$0.00 ,$0.00 ,$0.00 ,$5.65 ,Cash,Taxi Affiliation Services,41.91461629,-87.63171737,POINT (-87.631717 41.914616),41.9002213,-87.62910519,POINT (-87.629105 41.900221)
69637,021d1af5867be8fc9200b35b7de7b22db50154d6,4903c88e6b8e413fd55b8680ee639b42aca85ade05fb30052647dc948c6eb8022c73595c68f684676ef572b3d29e80389c18cf1498713aac7f6c75774f3b8b3f,12/5/13 14:00,12/5/13 14:00,360,0,17031081500,17031320100,8,32,$5.85 ,$0.00 ,$0.00 ,$0.00 ,$5.85 ,Cash,Taxi Affiliation Services,41.89250778,-87.62621491,POINT (-87.626215 41.892508),41.88498719,-87.62099291,POINT (-87.620993 41.884987)
71957,0222d9c31ba353b038e06fa77a0beb09d320f31c,66b1421cc24a625f3a376cc5c91cccc84ea8ef27a3d7fe3961a217f6e04310f639dc5c759169c717b89e5e244c5aebf7274905b674e4c12bc9835dda19122f47,10/18/13 21:45,10/18/13 22:00,720,3,,,,,$9.85 ,$0.00 ,$0.00 ,$0.00 ,$9.85 ,Cash,,,,,,,
72073,022333133c98aa363bc9c316afe1c82aa9039af6,0097753fe60f11c95766e0c88d0b7fc93806043ea4713c6df7e093c643fc5f2d480e06d0e97f3e0b7c96bc399176f93b7ce98629b2433fd9f32f9c6483ae9855,3/17/13 01:15,3/17/13 01:15,120,0,17031839100,17031281900,32,28,$4.65 ,$0.00 ,$0.00 ,$1.00 ,$5.65 ,Credit Card,Blue Ribbon Taxi Association Inc.,41.88099447,-87.63274649,POINT (-87.632746 41.880994),41.87925508,-87.642649,POINT (-87.642649 41.879255)
74938,022a17751e5c8e1359735e3c87f8f97e034080c7,dd04cdef61d7199e11ceb677f274abd171755712b504c41c87a3ec2d6981b28e23d919d2171b73e73f3df98c419804d831ef8645cda2b25d71f5ab8864eb75e6,7/31/13 05:45,7/31/13 05:45,720,8,,,1,8,$18.05 ,$2.00 ,$0.00 ,$0.00 ,$20.05 ,Credit Card,,42.00962288,-87.67016686,POINT (-87.670167 42.009623),41.89960211,-87.63330804,POINT (-87.633308 41.899602)
75554,022b9a0b5fa7d371f699c2606470fd60f0624a03,8dd8fa2f89c483952942fd558259806aae5e476b6fdf8f4831d036fb9ba6d70a6b857cad5657a6653947c4b9a41b87ff6caf0c6b6744f5d8f9d648084d078934,9/16/13 10:30,9/16/13 10:30,180,1,17031081403,17031081401,8,8,$5.25 ,$0.00 ,$0.00 ,$0.00 ,$5.25 ,Cash,,41.89092203,-87.61886836,POINT (-87.618868 41.890922),41.89503345,-87.61971067,POINT (-87.619711 41.895033)
75620,022bcd3fff476ba27b7433b322498a4999761a39,516f49b8d701f933519b575a11d0718df547cf19341145cbc39f887f2905a64f0f7b5a3503c857e05ee187ff33091f1c1031b4093fc635d66a4104c45912f737,5/31/13 03:00,5/31/13 03:30,1980,0,17031980000,17031809300,76,,$43.85 ,$5.00 ,$0.00 ,$2.00 ,$50.85 ,Credit Card,Taxi Affiliation Services,41.97907082,-87.90303966,POINT (-87.90304 41.979071),,,
77109,022f816fc8d7b9beda521c6197e243aa97b8f365,f85842c2c0ff04342b10bf267463ba9095bffa254f829738981d55232dd8056f6acb263a5b393a8c90883748a238d3d381bacedb5df2dff1c22b3272a914d139,4/5/13 02:15,4/5/13 02:15,300,0,17031081700,17031081403,8,8,$5.25 ,$0.00 ,$0.00 ,$0.00 ,$5.25 ,Cash,Dispatch Taxi Affiliation,41.89204214,-87.63186395,POINT (-87.631864 41.892042),41.89092203,-87.61886836,POINT (-87.618868 41.890922)
78781,0233b5037797037962012e9768102effefe13d0a,3a02f2544f0f22617df502d1af546a9292f20da505d4498eba78528d6cb3c40ffdc85e464b7a9a4ddca11db94e46e6340ce47d718730a0156c5a95d71b7b23a4,6/8/13 03:15,6/8/13 03:15,300,0,17031831000,17031242600,22,24,$6.25 ,$0.00 ,$0.00 ,$0.00 ,$6.25 ,Cash,Taxi Affiliation Services,41.91600527,-87.67509512,POINT (-87.675095 41.916005),41.90056038,-87.69419737,POINT (-87.694197 41.90056)
79546,0235a0d0481988b46ef251bb6d7d03c9480bb036,3d3472622ccc9f3a934b720530b57145b010f60cd2e91640020603fea7033d17010194626e79e196b96ff38b9f64345a8b9033aad496b6a208a2c97b1a4ca494,6/17/13 10:30,6/17/13 11:15,2940,22.8,,,32,,$47.65 ,$8.00 ,$0.00 ,$9.00 ,$64.65 ,Credit Card,Northwest Management LLC,41.87886558,-87.62519214,POINT (-87.625192 41.878866),,,
79679,0235f2bc02410703faf98e7017c71a6dadea878e,6dcd43a953f0c1bdfc49fe8260b9504af2cc45eefdfc2266ae6b2e6f977abe8676fd0ce732e377706422d51583eda869a841f93e70d0833eed4705f4bd5e9eb2,4/27/13 12:15,4/27/13 12:15,,0,,,,,$10.45 ,$2.61 ,$0.00 ,$0.00 ,$13.06 ,Credit Card,Chicago Elite Cab Corp.,,,,,,
82326,023ca150c026a326d72b6658746d762aa03382b2,9e36bbce1658ed60bd457bb2187c3a1ed4f47714110ac46bca3649b331639a4c2f1175ffa042c025db1f71ca53cb0153403623a9da889d8c846a6d0aed86264e,10/20/13 00:30,10/20/13 00:30,360,0.16,17031280100,17031081600,28,8,$6.65 ,$0.00 ,$0.00 ,$0.00 ,$6.65 ,Cash,,41.88530002,-87.64280847,POINT (-87.642808 41.8853),41.89207264,-87.62887416,POINT (-87.628874 41.892073)
84513,0241e6829e3b30f66a85e995628dc10c253fe5ef,fd6250e08d0bb1b9ba4685874a588d1446a8830ffc45f20ee41fe76b8a7853bbfadef261da459ed890bd6e4249e068e93b412c490fe1ce6ebd64b70cf618a0b9,8/24/13 12:30,8/24/13 12:45,600,0,17031081403,17031320100,8,32,$7.05 ,$0.00 ,$0.00 ,$0.00 ,$7.05 ,Cash,Taxi Affiliation Services,41.89092203,-87.61886836,POINT (-87.618868 41.890922),41.88498719,-87.62099291,POINT (-87.620993 41.884987)
84671,02424aaf45de431fdd18412676f6c50c593e4668,be930bc29647f7ea45440018fe2450995fdee314bc82fb6f3b07b39f44af6dddbff7bf43d69dd55b0918e01b7749df81efbdd4f60f0eaadf55d992a0f376215c,2/14/13 18:00,2/14/13 18:15,840,2.4,17031243400,17031081403,24,8,$9.85 ,$0.00 ,$0.00 ,$0.00 ,$9.85 ,Cash,,41.89253687,-87.65986432,POINT (-87.659864 41.892537),41.89092203,-87.61886836,POINT (-87.618868 41.890922)
85281,0243c82d5adc8ff732cab9bed20cca4edd03a1f6,422aa525858cddde977f39fa4e58947555918726746ebd72be48d2a2d09af86e2b5e5318fea36ecc84de5b6af8354307064e73672f67e4bc907dcabc21e61c09,11/10/13 20:15,11/10/13 20:30,660,0,17031281900,17031081300,28,8,$8.45 ,$0.00 ,$0.00 ,$1.00 ,$9.45 ,Cash,Taxi Affiliation Services,41.87925508,-87.642649,POINT (-87.642649 41.879255),41.89833179,-87.62076287,POINT (-87.620763 41.898332)
87787,0249eef3311e70a19b675715e25076e7c367fe2c,28874ca106e42098e711a7568fa2fb514b2c92de46fe3bdaaaf13d4d7605aa82a6d66918d633c8dce14c91b8caf2c867c31311ce7e8caf962dc7e7be0ea1a0d3,1/30/13 13:30,1/30/13 13:30,0,0,,,,,$3.25 ,$0.00 ,$0.00 ,$0.00 ,$3.25 ,Cash,Taxi Affiliation Services,,,,,,
88038,024a864de08f2b7cdf30a85de30d3bf8758fbbc8,83946c2d33e0cac34a4d8a03a8bdca905808e852e1672727ae699c10a6f8026e3c7900c67e808a6a853333b192dbd45209f32bd1e54d8b7a0aca420dd75d33de,6/9/13 00:30,6/9/13 01:15,2640,0,,,8,9,$37.25 ,$0.00 ,$0.00 ,$1.00 ,$38.25 ,No Charge,Dispatch Taxi Affiliation,41.89960211,-87.63330804,POINT (-87.633308 41.899602),42.00761259,-87.81378103,POINT (-87.813781 42.007613)
90888,025170aa1cb1fbecfb1355efe93cc61476a46194,f34cd9daf849e5e6a2520e87f306b32279a1719d12e6e587da972e6ae3b7807ceb01ef33bbfa0b1e35362537f40838505b90c41c3cb0da2547f7ca62a9e7835a,12/17/13 10:15,12/17/13 10:30,600,1.4,17031081403,17031280100,8,28,$7.45 ,$0.00 ,$0.00 ,$0.00 ,$7.45 ,Cash,KOAM Taxi Association,41.89092203,-87.61886836,POINT (-87.618868 41.890922),41.88530002,-87.64280847,POINT (-87.642808 41.8853)
91594,02532da35b146099218f96b589405197aec9fba3,4b7d4f7564151f5ed13b585419c1aea363ddf42e93bb4052d5ebba5f8d520afad2acb1e46c677f5d4442a7772e5d1a2b16b0cfa35d09b86b7c03fb544bf2f8d4,10/6/13 02:15,10/6/13 02:15,240,0,17031241400,17031241500,24,24,$4.85 ,$0.00 ,$0.00 ,$0.00 ,$4.85 ,Cash,Taxi Affiliation Services,41.90602597,-87.67531162,POINT (-87.675312 41.906026),41.90837867,-87.67094508,POINT (-87.670945 41.908379)
93099,0256e466e755fc6e5cc4a9f84f5a3261d0eaa548,0fc17a66d66501eebb7d065fab0db585a1e546ea6e52aae6327212d4fc8a56da1368bc5a78ba499c4c79074a135d2c2efd199ee31705621c851f07d363c65df0,7/8/13 23:00,7/8/13 23:15,240,0,,,6,6,$4.05 ,$0.00 ,$0.00 ,$0.00 ,$4.05 ,Cash,Dispatch Taxi Affiliation,41.9442266,-87.65599818,POINT (-87.655998 41.944227),41.9442266,-87.65599818,POINT (-87.655998 41.944227)
93783,0258910b39d370407c53d905c8c7d9dc41fb321a,8f19a458e8774fb78d80233ea8a9e74f797282eb5869d96d88e55f15f319dfbfe42d5d55cf8d8c407fb09c87552de02779ba908c9cfff8f58a2fff5056a1d5bb,8/3/13 15:45,8/3/13 15:45,300,0,17031241400,17031243500,24,24,$6.05 ,$1.00 ,$0.00 ,$0.00 ,$7.05 ,Credit Card,Taxi Affiliation Services,41.90602597,-87.67531162,POINT (-87.675312 41.906026),41.89265811,-87.65253448,POINT (-87.652534 41.892658)
96024,025e1b2cb61e2dab5ab4be6c6df24126771bd607,f3e31a675c5b7a800c4773086740bb4aab24aea36cf04e2851224999d0001ebd53e507481538e8046dd3d0256797c0e0b492632846842a539ea8716338b6a452,8/9/13 08:45,8/9/13 09:00,1260,6.7,,,,,$18.45 ,$0.00 ,$0.00 ,$0.00 ,$18.45 ,Cash,,,,,,,
97247,026112ed31bf9ab75807c2398d8796fa811f5e14,9b48ad5744e86450fb4db78e7095a6827bafc43a6a9d9a8f656aac46cc0e429d129471cdad31f8a5a97b3a45c8af5fcbc80d003c1c4839075733900786e1a5a9,9/24/13 09:15,9/24/13 09:15,420,0.8,17031281900,17031839100,28,32,$6.05 ,$0.00 ,$0.00 ,$0.00 ,$6.05 ,Cash,,41.87925508,-87.642649,POINT (-87.642649 41.879255),41.88099447,-87.63274649,POINT (-87.632746 41.880994)
101826,026c4ae851d5fd4c03bfe28d3c96432e443efd95,42bfc19863617733aaa5ef96de670e3307690921a42d3df9e13ff7a35fa621088d7656cf297d3bb44306fa4ebc03bc631afc3c050b0562dea4b0b833e85818d2,12/16/13 20:00,12/16/13 20:30,1860,5.8,17031081700,17031050700,8,5,$17.85 ,$4.45 ,$0.00 ,$0.00 ,$22.30 ,Credit Card,Choice Taxi Association,41.89204214,-87.63186395,POINT (-87.631864 41.892042),41.94506921,-87.67606274,POINT (-87.676063 41.945069)
103978,0271980d07ef984390201b1710614236a08cc8b0,62856e8ed14ce71738c14ec7cbc70d9bb570bd7048eccfa1a6617277bacfa1d1cb04dd10dff3a147e11d504060d85130eed5550dc79156df95dabf948c750812,11/23/13 06:00,11/23/13 06:00,540,4.8,,,8,28,$12.45 ,$2.00 ,$0.00 ,$0.00 ,$14.45 ,Credit Card,,41.89960211,-87.63330804,POINT (-87.633308 41.899602),41.87400538,-87.66351755,POINT (-87.663518 41.874005)
105689,0275ea2e341e0b7f6238608ac70a54baf68c1e73,c29d36a73f52bf9af3d34933bad30810c393c664d09b282b48cc9c2f35a9024571e2362ed09e1315d9b828ca08742db2bd9b1464990442c6cff69d64c223ebc8,3/12/13 16:00,3/12/13 16:15,840,4.5,,,,,$13.25 ,$1.99 ,$0.00 ,$0.00 ,$15.24 ,Credit Card,,,,,,,
109982,0280322e861f7e614793d40ee3652298afebb757,a5c808e4f73d8ff7c1ede51f0b49c8c91fd20e6b329b7dc31c7a87b39888e43a29b74dfcc3b4c8945efc5d91aa5424bcad99c80f01459d5f5b752cbb3d4671b5,10/31/13 21:30,10/31/13 21:30,540,0,17031081201,17031281900,8,28,$7.65 ,$1.50 ,$0.00 ,$0.00 ,$9.15 ,Credit Card,Taxi Affiliation Services,41.89915561,-87.62621053,POINT (-87.626211 41.899156),41.87925508,-87.642649,POINT (-87.642649 41.879255)
110971,02829eed4906ca43ced90707cfa5d50e4ebe426e,7d145c16097a55f747b97be49f6ef8b29b909ea3523409155c8b7e07b6559f6c4a3ca4b1a22ed5b3cf93256d8aad8569cb02294b09095f38b00410579db68e0f,5/16/13 12:45,5/16/13 12:45,480,1.6,17031081500,17031842200,8,8,$7.05 ,$0.00 ,$0.00 ,$1.00 ,$8.05 ,Cash,,41.89250778,-87.62621491,POINT (-87.626215 41.892508),41.9049353,-87.64990723,POINT (-87.649907 41.904935)
113629,0289187fcf2768e084aa8df19628a1ea5e69637d,1894f6935f54bc786fb24b8c07705e8714f62fa301176d310ae85ce200050f606d7d8cdc341ec26c701cdc26408064522d1fd47dd5316ce44563cd047f4d5c51,9/4/13 13:15,9/4/13 13:15,0,0,17031081500,,8,,$3.25 ,$0.00 ,$0.00 ,$0.00 ,$3.25 ,Cash,Taxi Affiliation Services,41.89250778,-87.62621491,POINT (-87.626215 41.892508),,,
115375,028d6640c61f0e87bc652375996d7174e0d46536,7c7c051f6539cd44c69ac304d724573cc08475bad2ae7dbe514470765cfb53d187085deb977dff606e9a02792d47e6aa929bcfeac3479a91c9d1c0ce7bdd697c,12/14/13 02:00,12/14/13 02:15,660,4,17031040900,17031241100,4,24,$11.25 ,$2.00 ,$0.00 ,$1.00 ,$14.25 ,Credit Card,,41.96318497,-87.68385456,POINT (-87.683855 41.963185),41.90663854,-87.68957983,POINT (-87.68958 41.906639)
115856,028e9be2626f230a77e18aeb30648deb0870e02f,4eec0654a55428008451f9362e1a53a85db0ba97a1e5bbc4f93d7d4d010a47985822ead880af106ce42571803e9834c0378d29f91bb8d84e28e70fc3f39f3e71,11/16/13 03:00,11/16/13 03:30,1620,0.2,17031831000,17031061901,22,6,$15.65 ,$0.00 ,$0.00 ,$2.00 ,$17.65 ,Cash,Taxi Affiliation Services,41.91600527,-87.67509512,POINT (-87.675095 41.916005),41.94323712,-87.64347096,POINT (-87.643471 41.943237)
116048,028f1a1600ac99d70714ab3351117a6f65a5f293,dedca75eb92be7a2b0d8c02e22b521e198c635de1c343eb235b5ebc9bf62f93ed792a4b0145e6c9ac167620914af9c44bd4636da452f55ad380266ad861bad3b,5/8/13 15:00,5/8/13 15:00,360,0,17031839100,17031320100,32,32,$5.45 ,$0.00 ,$0.00 ,$0.00 ,$5.45 ,Cash,Blue Ribbon Taxi Association Inc.,41.88099447,-87.63274649,POINT (-87.632746 41.880994),41.88498719,-87.62099291,POINT (-87.620993 41.884987)
116399,029006d70909908fa80a1de2caa8dad330372a39,52be86538ec0f65bd453ae108f2fced066483ad58a67cfca4e3c829b9850bc3bcc7c52e2a2ceba1103c9665fb5608fe44022b1480a72e6e5e6fff155d51b3693,12/6/13 03:45,12/6/13 04:00,540,0,,,8,7,$9.25 ,$2.00 ,$0.00 ,$0.00 ,$11.25 ,Credit Card,Taxi Affiliation Services,41.89960211,-87.63330804,POINT (-87.633308 41.899602),41.92268628,-87.64948873,POINT (-87.649489 41.922686)
117184,0291f65886faf997fe2975a3d2c35a31f15def05,2a1ba4287f17983a5ae6e469efedc5eeee2e429eb6258c89a930d59d3abff845af2dd6d215cb545c61da614ec57f4e21cac2a776f777b19b245a1a95653a550e,5/15/13 21:45,5/15/13 22:00,1020,0,,,8,39,$16.85 ,$0.00 ,$0.00 ,$0.00 ,$16.85 ,Cash,Choice Taxi Association,41.89960211,-87.63330804,POINT (-87.633308 41.899602),41.80891628,-87.59618334,POINT (-87.596183 41.808916)
126180,02a80e7f20aeb0e9ac1a0f2146ba034a0b57c23d,3183528d2ee2b082ce5ac1fa8af0f5675c9ac4958ed38339b00f109019112af0bc84c2506a3e0d0d676db5273c59c45e6f49793c35e86973474ededa20a9333b,3/11/13 19:45,3/11/13 20:00,780,0,17031839000,17031242100,32,24,$11.25 ,$2.45 ,$0.00 ,$1.00 ,$14.70 ,Credit Card,Dispatch Taxi Affiliation,41.87101588,-87.63140653,POINT (-87.631407 41.871016),41.89967018,-87.6698378,POINT (-87.669838 41.89967)
127045,02aa25b032fd6018fd4f892e0e2b6c7d15311722,3a4af34907634686a9444651f65638134c2a972bfc5994aa1f260e41013b6fb8065db3e1542cc38403596fea788581043b7767f2652618c7bb27dcd1b5e9a6bd,4/16/13 10:00,4/16/13 10:15,660,0,,,32,27,$12.85 ,$0.00 ,$0.00 ,$1.00 ,$13.85 ,Cash,Northwest Management LLC,41.87886558,-87.62519214,POINT (-87.625192 41.878866),41.8789145,-87.70589713,POINT (-87.705897 41.878914)
127265,02aaac698660c78bab78da197f8e97368f9f4893,ffa4a7ea614ef7d2eac427f6f1a0af6a5298a57224da0b9b286ba33479183e081b8d46ff0d2e4545ecba5bda51b2000ceab71dbfca4cf6553c09b0f1f218133f,12/16/13 21:45,12/16/13 22:00,780,4,17031081000,17031061902,8,6,$12.05 ,$0.00 ,$0.00 ,$0.00 ,$12.05 ,Cash,Dispatch Taxi Affiliation,41.90026569,-87.63210922,POINT (-87.632109 41.900266),41.94315509,-87.64069808,POINT (-87.640698 41.943155)
127793,02abe99bbfe557ecfdb9977d4f929878e1a86df3,31a06a77a2b473e41aea8ee60fabb45b6a4fd836626be6ed2240a484eaa12f926ad5feecf6c93c607038db14fc4d8b8c633141f84f19864ee589d501d3504fcb,11/30/13 19:45,11/30/13 20:00,600,2.4,17031081700,17031241400,8,24,$8.44 ,$0.00 ,$0.00 ,$1.00 ,$9.44 ,Cash,,41.89204214,-87.63186395,POINT (-87.631864 41.892042),41.90602597,-87.67531162,POINT (-87.675312 41.906026)
129629,02b03e72e7622996cb44abdf7dec653f0aa66d3c,1a5d97e9cf41283b49c979600b62232f634be0c2a68102e954f59776c85c8e07427d44d30eda7de42421ef1a00b5ac20e2321ed15a234a834d2bda934c3d26e2,12/14/13 11:30,12/14/13 11:45,420,0,17031839100,17031833100,32,28,$6.25 ,$0.00 ,$0.00 ,$0.00 ,$6.25 ,Cash,Choice Taxi Association,41.88099447,-87.63274649,POINT (-87.632746 41.880994),41.87906699,-87.65700503,POINT (-87.657005 41.879067)
131354,02b48631a964049f8f39597cc969da515514eee0,41a36425261b1f11b76cfb1e34fe8483c0d1517b452353597cbf8539112e24e14b2196965da3a2b6e898b1b8f97d8ce1579dec2a7bb10ae51e3b9fd0eebf8fe6,8/2/13 14:00,8/2/13 14:00,0,0,17031081201,17031081201,8,8,$3.25 ,$0.00 ,$0.00 ,$0.00 ,$3.25 ,Cash,Taxi Affiliation Services,41.89915561,-87.62621053,POINT (-87.626211 41.899156),41.89915561,-87.62621053,POINT (-87.626211 41.899156)
132411,02b72070c470afa1caaee1fae98661026de10d13,6b678c53ebb16db93fd3f67788865354926f9c7d5e3143c43579a7b475d09fa6eb30d8216ea68ee158a53c05b3fa55938c328f1e833fbb607d3b4d4b358765a8,9/15/13 18:00,9/15/13 18:00,780,0,17031330100,17031320100,33,32,$9.45 ,$0.00 ,$0.00 ,$1.00 ,$10.45 ,Cash,Taxi Affiliation Services,41.85934972,-87.61735801,POINT (-87.617358 41.85935),41.88498719,-87.62099291,POINT (-87.620993 41.884987)
133040,02b8838580eaef7cf74e0e53c8324deff09a8bc8,718cf30bdec0812def95c6ece3506125b6ba91031069c36797b13f60cc7baa28f5d8bffd269ccf4a3706257d5643707880840cc12c1f5ccda6fd4abc78e6e6b8,1/25/13 23:45,1/26/13 00:00,480,2.3,17031240500,17031838300,24,8,$8.05 ,$0.00 ,$0.00 ,$1.00 ,$9.05 ,Cash,,41.9119723,-87.68364292,POINT (-87.683643 41.911972),41.90156691,-87.63840401,POINT (-87.638404 41.901567)
133822,02ba56d7087138efae4fd9b9b4ebb3ff7eb67dfb,fd0c0c1bdc6c8a0e659bbafc6bda0173ad4d82c9e4a335ac1e58c438dc62d9e1e84c3eb2c126f5d35f4dc37913c772322503d8b759517abfcf07b98eeb7ae0b2,11/24/13 18:00,11/24/13 18:00,240,0,17031320400,17031281900,32,28,$5.25 ,$0.00 ,$0.00 ,$0.00 ,$5.25 ,Cash,Taxi Affiliation Services,41.87740612,-87.62197165,POINT (-87.621972 41.877406),41.87925508,-87.642649,POINT (-87.642649 41.879255)
138144,02c4d4df9f7c3353e1fbdea83c2331544d6785a2,5243796f344a1e5abd1916c3ae67465a37aa16436c8ba48787ff6fd13c51db9330c223074a4faababf957be9ab1de76c731d0ae613fd78b8b0595f357591ebc2,9/11/13 07:15,9/11/13 07:30,840,3.6,,,24,32,$11.25 ,$0.00 ,$0.00 ,$0.00 ,$11.25 ,Cash,,41.90120699,-87.67635599,POINT (-87.676356 41.901207),41.87886558,-87.62519214,POINT (-87.625192 41.878866)
141605,02cd2934fada30919cd36193c6774103badbb576,1ec7f3414307d2d25d1a35fa094f8591797f6bc2f0b1c9f1545bd8bf0e16e0964d65cc941d074552d77735a55d31e138bc56d6405b35783fabdaa78511de423f,7/4/13 02:45,7/4/13 02:45,420,0.1,,,22,24,$6.85 ,$3.00 ,$0.00 ,$0.00 ,$9.85 ,Credit Card,Blue Ribbon Taxi Association Inc.,41.92276062,-87.69915534,POINT (-87.699155 41.922761),41.90120699,-87.67635599,POINT (-87.676356 41.901207)
146061,02da275bf4725a354eca0ea3099bd2373ad22233,b53a8c299bee1f5026a7ff14d9fca60490d14eea341fc5c14a4041d018d7a3dc203d0f85520eddf56dbbfb15ada7404e701c92abc708182020f46d144442f91b,2/21/13 23:30,2/21/13 23:15,,0,,,,,$11.85 ,$3.00 ,$0.00 ,$0.00 ,$14.85 ,Credit Card,Taxi Affiliation Services,,,,,,
147037,02da64cc6f3fca8b223aef97480fe3c07d32abec,f7630edc68a131c4a97382dd93206949da80ec1443d8da745cd574a05f5b19e0885ce71bd0ee3bd1f2e420fde9e3df0edba4326b14103bed37cceaa40e7e1b23,6/2/13 00:30,6/2/13 00:30,540,0,17031320400,17031081500,32,8,$6.45 ,$0.00 ,$0.00 ,$0.00 ,$6.45 ,Cash,Taxi Affiliation Services,41.87740612,-87.62197165,POINT (-87.621972 41.877406),41.89250778,-87.62621491,POINT (-87.626215 41.892508)
147788,02dc2aab497e1a79222a8cd6bb7b29ef72da52f4,d9bddfd23bb025e41985beff92d5ad86895fe11f8680be0434efef870f2927d37f15a2e867515dcd5d79b63ba42b00d1503118a7c77746dedd9ac0f9f43289ed,8/20/13 11:15,8/20/13 11:15,60,0,17031980100,17031980100,56,56,$3.45 ,$0.00 ,$0.00 ,$2.00 ,$5.45 ,Cash,Taxi Affiliation Services,41.78599852,-87.75093429,POINT (-87.750934 41.785999),41.78599852,-87.75093429,POINT (-87.750934 41.785999)
149418,02e0352a4c57afd16636acf32e0c2a38ab575505,1d16af0a709e55f205152e890a0968800553ecaf1e643bf008888804f1ef9aeb1efda833a5c50ffdd08acf328892e7896c68f2a89df09f5868fa081097d1381d,11/19/13 09:15,11/19/13 09:30,600,0,17031081800,17031081800,8,8,$7.05 ,$0.00 ,$0.00 ,$0.00 ,$7.05 ,Cash,Taxi Affiliation Services,41.89321636,-87.63784421,POINT (-87.637844 41.893216),41.89321636,-87.63784421,POINT (-87.637844 41.893216)
153502,02ea0cad64f8775e31773439f5692edf82c8d4ed,05e98fcdd5101fb75c828458c6af3370de5f0ffcf07892bc18424ea3b2682621dbc981d8be1f2f634479d1004e37e56bda7bc8c5e41aac1689718987981c2e29,10/27/13 15:45,10/27/13 15:45,240,0,,,6,6,$4.85 ,$0.00 ,$0.00 ,$1.00 ,$5.85 ,Cash,Taxi Affiliation Services,41.9442266,-87.65599818,POINT (-87.655998 41.944227),41.9442266,-87.65599818,POINT (-87.655998 41.944227)
155521,02ef2d3216cb82761a6e1b7045f7117168fa66f9,e01e870c967429b39b2c07110796c52acfad70e96fd2b9d840d391cf6de2f86e8365030cc244f9734be521079c1f123de65946243dfa6fd52e62a9bfce0841df,12/24/13 13:45,12/24/13 14:00,600,3.2,,,,,$9.65 ,$0.00 ,$0.00 ,$0.00 ,$9.65 ,Cash,,,,,,,
155718,02efa92470fdbe75e8482a9103bc8fcc0471576d,1aa27355c709dc0cba3790a2549861c6b7864165ccf0200acea758474b04eb0c3d30bb4b69311843dff9944351170a4d0d707b2e7bd4aef1c5979b050925d38d,11/22/13 14:30,11/22/13 14:45,420,0,17031081000,17031081700,8,8,$5.85 ,$0.00 ,$0.00 ,$0.00 ,$5.85 ,Cash,Taxi Affiliation Services,41.90026569,-87.63210922,POINT (-87.632109 41.900266),41.89204214,-87.63186395,POINT (-87.631864 41.892042)
156454,02f17c612dc478f96857832a0e288a7e0de23b28,9a86f86c799638d4bded85a878587d831fa4250c83cecc4c6e67c126d6f95aaa258a205c2e1a00f98a548b05867ddee7c933318bf758e689de3cd6333fa9e818,1/14/13 17:30,1/14/13 17:30,240,0.2,17031081500,17031081500,8,8,$4.85 ,$0.00 ,$0.00 ,$0.00 ,$4.85 ,Cash,Northwest Management LLC,41.89250778,-87.62621491,POINT (-87.626215 41.892508),41.89250778,-87.62621491,POINT (-87.626215 41.892508)
157123,02f2fce4e6dcbd2a817fd7ef76918051efc2288e,4a5d86af54b389e716ec1c3a1108ad10ee29d3e45381641b2d8a9e8632cf8d093e4fbc17186f04cb04276c89b034bdf24accb601d8d2a9ba5703cd2c1bd881c9,5/22/13 08:15,5/22/13 08:30,240,0.4,17031081401,17031081300,8,8,$4.65 ,$0.00 ,$0.00 ,$0.00 ,$4.65 ,Cash,,41.89503345,-87.61971067,POINT (-87.619711 41.895033),41.89833179,-87.62076287,POINT (-87.620763 41.898332)
160610,02fbbb6447138abd26c08406197de2f96839f414,15c03618b76c932fd23d3054627cdbbd21323bd13316f4e7eab25aa25540c61397f1a29607b3ef65fc8d5c7d7d10b1fbf2025a269f844c92aceab4ba35e7a54f,2/7/13 08:15,2/7/13 09:15,3360,17.4,,,,,$37.45 ,$7.00 ,$0.00 ,$2.00 ,$46.45 ,Credit Card,,,,,,,
163676,03034409c5176ae15746552bcf4ca0a6385d4f42,a62df4e9bfec5f3babb7922b1346263cce5c3116fa5fa3465e4845b94774ef86b30bb243f80f396cf2211d7e3309028193f159567ee341b44d39dc3a1f5495f9,11/5/13 20:30,11/5/13 20:30,480,0,17031081500,17031281900,8,28,$6.65 ,$2.00 ,$0.00 ,$0.00 ,$8.65 ,Credit Card,Taxi Affiliation Services,41.89250778,-87.62621491,POINT (-87.626215 41.892508),41.87925508,-87.642649,POINT (-87.642649 41.879255)
165453,0307b07e6a4fa14fbb3c924853b5feb9f37c1b9f,d045b31fea2ef4ab7318234f531a6d46ae823bf8408c3d14e953f05974c8aec1ac734a1d7533c34ad5664b8542003c5116bd6264fd01397851b28fb559e3b023,6/16/13 01:15,6/16/13 01:45,1260,0.3,17031081600,17031062500,8,6,$15.45 ,$0.00 ,$0.00 ,$0.00 ,$15.45 ,Cash,Taxi Affiliation Services,41.89207264,-87.62887416,POINT (-87.628874 41.892073),41.94148823,-87.67110766,POINT (-87.671108 41.941488)
168047,030e17e444361e250e73b807391d29457c9c9e07,4ab1ae0bd0e1a0af9ea16a9d0597fa96ce4f1b2773b152cf1a9dbd6d42f5b62c14915e091a83f21e23884a895e297bd75a322b0f8f939f592337cab78d910d7d,6/6/13 17:30,6/6/13 18:15,2640,17.2,17031081403,17031980000,8,76,$36.85 ,$0.00 ,$0.00 ,$2.00 ,$38.85 ,Cash,Choice Taxi Association,41.89092203,-87.61886836,POINT (-87.618868 41.890922),41.97907082,-87.90303966,POINT (-87.90304 41.979071)
172579,03192f7fb6d2d034f2efc932a3b27f0d233fe598,da1f1726f4ce251e2be79a9d7062ffb2298080117049d80900116e18d9beeb6892e561a91e53af84f46d513fd509b77070b532b85d6695dede4bc1eecbaaaaf6,12/7/13 20:00,12/7/13 20:30,1560,0,,,1,8,$24.05 ,$2.00 ,$0.00 ,$2.00 ,$28.05 ,Credit Card,Taxi Affiliation Services,42.00962288,-87.67016686,POINT (-87.670167 42.009623),41.89960211,-87.63330804,POINT (-87.633308 41.899602)
173096,031a71385f9ce7b2488f041c32c8813a250e2c78,c8549ac4a2842a038f2a5b91ecf894ca7cb04d60558be3dc1878baa95aeb7614775727cacfe28797dae16b233792ff6784049cd5e881a2454604a3383beb70ed,9/12/13 14:45,9/12/13 15:00,300,0.8,17031080100,17031081300,8,8,$5.45 ,$0.00 ,$0.00 ,$0.00 ,$5.45 ,Cash,,41.90752008,-87.6266589,POINT (-87.626659 41.90752),41.89833179,-87.62076287,POINT (-87.620763 41.898332)
174699,031f62da4338e7c7fba58bb38ffe465a47e0f834,a5af44e477d4a113284fc380e77366cecd26cf2d5dcf668a27be74b6eb2b50ad4c73271ffb06bbd4e7d22b1369bcaf63e6b416ee94ea20d07a8328674eb9be91,1/25/13 23:30,1/25/13 23:45,540,2.4,,,,,$8.45 ,$0.00 ,$0.00 ,$1.00 ,$9.45 ,Cash,Choice Taxi Association,,,,,,
176290,03221f5394cedbb5e4328132342a40a71697d14e,fd4c6f99a5a84e4ee477beb7cc4ca29db1943fdd145c8c5bafda9f576f1565dbf8c9276eb0120fb987b14bc3689ec9d0ed33c802418c01edd3baab4a4c5efba7,4/26/13 18:15,4/26/13 18:15,480,0.8,17031320400,17031081600,32,8,$6.45 ,$0.00 ,$0.00 ,$1.00 ,$7.45 ,Cash,,41.87740612,-87.62197165,POINT (-87.621972 41.877406),41.89207264,-87.62887416,POINT (-87.628874 41.892073)
177213,03246127a40c9faef0b5dae1d39bbf0f3a0797a1,89f75adc47573b24826e52e49553465713812aacc951235e248a8a52d5e5c23b4f3fea941b976a8b1c501d0e02c337e13ffc449dfd14d52ea460815e14351bb4,7/11/13 01:30,7/11/13 01:45,660,0,,,,,$13.05 ,$2.61 ,$0.00 ,$0.00 ,$15.66 ,Credit Card,Chicago Elite Cab Corp.,,,,,,
179438,0329c4b1082cbb54ac11a56ad3776f13e756fa3d,94d2bd206a73443d243a36aed26c8fa01ca895438f8ce863fe48a2b711b72f268df3a1721e8fd1e9be1dad8fb116a7450cd0250468d5d3853998d632b121b7a8,5/10/13 15:45,5/10/13 15:45,420,0,,,77,6,$10.85 ,$0.00 ,$0.00 ,$0.00 ,$10.85 ,Cash,Taxi Affiliation Services,41.9867118,-87.66341641,POINT (-87.663416 41.986712),41.9442266,-87.65599818,POINT (-87.655998 41.944227)
184173,03359f43fabc51fbdf7670cd31b3eacc4bb76790,6ad58cc97b1f0d00192a400e27722c669eb732786c7c378ed4d3e2c6247038eb7cf20b7e800fff57e190896c71f971dc47f389cbc6d25f1d22e9af45277d3928,12/6/13 14:30,12/6/13 15:00,2280,0,17031980000,17031080100,76,8,$38.05 ,$0.00 ,$0.00 ,$3.00 ,$41.05 ,Cash,Dispatch Taxi Affiliation,41.97907082,-87.90303966,POINT (-87.90304 41.979071),41.90752008,-87.6266589,POINT (-87.626659 41.90752)
187597,033de8e6c4679d19e01fe2cdb5eb9367fb41e93a,8cf5ee69798ada6b1360fbc660e55fc6fad9040bc8547f1182e1167d18e859e333b156419eedfd0160ca51848b348a95fdb3baa405e9a106d37afdd4a8b58928,12/11/13 13:30,12/11/13 13:30,420,1.1,17031081201,17031839100,8,32,$6.45 ,$0.00 ,$0.00 ,$1.00 ,$7.45 ,Cash,,41.89915561,-87.62621053,POINT (-87.626211 41.899156),41.88099447,-87.63274649,POINT (-87.632746 41.880994)
195305,0350c96548d0b0a128d41ddbb1970cecf4fbe706,4454ea9c7c01352d9c8826fb4cf9806dbf74137f776e948b38330e1197330e5134e711a0e2b68a7a1e2b0d2844e06e7be139489aad99981943ae3ab8a30f65ce,8/22/13 15:15,8/22/13 15:30,240,0,17031081100,17031081700,8,8,$5.25 ,$0.00 ,$0.00 ,$0.00 ,$5.25 ,Cash,Taxi Affiliation Services,41.9002213,-87.62910519,POINT (-87.629105 41.900221),41.89204214,-87.63186395,POINT (-87.631864 41.892042)
196315,03535a13b823fe28ea9f99d3f44f118548429494,444ce3a352ba1369fb7d399c40d708a2ac1645cfaa728d9f85e35fb5efc29f3c0efa043a3f49374068573713ed65e919af7accc389e926d9b98b4fcfc1d3f236,12/27/13 18:15,12/27/13 18:30,360,0,17031839100,17031839100,32,32,$5.65 ,$0.00 ,$0.00 ,$0.00 ,$5.65 ,Cash,Blue Ribbon Taxi Association Inc.,41.88099447,-87.63274649,POINT (-87.632746 41.880994),41.88099447,-87.63274649,POINT (-87.632746 41.880994)
198429,03585f34235d87074e58cbe6ebefbcefd600ffcc,f9cc5d6b77bec40aa49baf605f55ff84b12be3c9335664d90b5402de5272ffe4f59d9a265c1f88232c8734562009c6bf8e6d6e9fedc7136b41734d13fe7abd96,11/25/13 17:30,11/25/13 17:45,840,0.1,,,32,28,$10.45 ,$0.00 ,$0.00 ,$0.00 ,$10.45 ,Cash,Taxi Affiliation Services,41.87886558,-87.62519214,POINT (-87.625192 41.878866),41.87400538,-87.66351755,POINT (-87.663518 41.874005)
202375,03621a8d3d551756367dbad33e4fa98ecca264ec,d59a55fcbd9ef11987cadd1a2dc93149edace06e23c37ad2544aa2e7f7a164590c4c280adb351bad4a6e1d700c503d005899078b942227bd1c7a61da013bbb04,8/18/13 15:15,8/18/13 15:45,960,0.5,,,6,24,$13.85 ,$0.00 ,$0.00 ,$0.00 ,$13.85 ,Cash,,41.9442266,-87.65599818,POINT (-87.655998 41.944227),41.90120699,-87.67635599,POINT (-87.676356 41.901207)
208746,0371d0705e59a316fdb8cb4376af78ccb94bb4ff,5dbc79d49f385fc3e536f3dd4e32bd7e3145e14d2c616f01159d15682eba2c9a97a1fde92c0bd12b2f55f8c53b369c8fe756c834b2810c521ca65350cbb152cc,8/23/13 02:00,8/23/13 02:15,840,0.64,,,1,7,$15.65 ,$0.00 ,$0.00 ,$0.00 ,$15.65 ,Cash,,42.00962288,-87.67016686,POINT (-87.670167 42.009623),41.92268628,-87.64948873,POINT (-87.649489 41.922686)
212451,037af3eaaca856d1ec55b24de2c1280b530f4bc2,d659f74187f4c9fbeff72aceb3223872937188d65be25b0995c7e71ad9111b3be71974f13d5093b35ea4f3e88a2735bba1470e1dad6d2c00f4358b53847b84e2,8/25/13 00:00,8/25/13 00:15,720,0,17031081500,17031071400,8,7,$9.65 ,$2.00 ,$0.00 ,$1.00 ,$12.65 ,Credit Card,Taxi Affiliation Services,41.89250778,-87.62621491,POINT (-87.626215 41.892508),41.92208254,-87.63415609,POINT (-87.634156 41.922083)
213843,037e745493d3e03753c6cc3699b1b9758c08e09d,daec6716a2e6fd6b94b2607889375c7b14300494e2ea46acd877e9962660796d2d3edeeebb1516cca0c06f7123d1f6210e2a0b2190db011df948cd6edd30dca3,7/17/13 17:15,7/17/13 17:45,1440,0,17031081600,17031051400,8,5,$17.65 ,$2.00 ,$0.00 ,$1.00 ,$20.65 ,Credit Card,Taxi Affiliation Services,41.89207264,-87.62887416,POINT (-87.628874 41.892073),41.93574946,-87.6809803,POINT (-87.68098 41.935749)
214944,03811f263a9d487a94b9cde2cecf3469bcb4f479,fe3715c762210bf8125ab6526991e131d98d1daa40884536856f5cdbaa9b73591e3aa901a93194be32030f58773b41592036a6f72344d0f83f2846ddc3fff760,10/11/13 15:30,10/11/13 16:00,1560,0,17031839100,17031330100,32,33,$13.45 ,$0.00 ,$0.00 ,$1.00 ,$14.45 ,Cash,Dispatch Taxi Affiliation,41.88099447,-87.63274649,POINT (-87.632746 41.880994),41.85934972,-87.61735801,POINT (-87.617358 41.85935)
215642,0382ba09ea2d6b4ee36b81d4916be95fca0b8299,d552bd52346c36f10ea828d1f770cf358278f7beecf08a1fa39b068f827f96406b6cc7490b76b710f4701c5e510f7ec736d07b58ee90ffa674543be5b37f413b,12/6/13 23:00,12/6/13 23:15,360,1.6,17031081700,17031080300,8,8,$6.65 ,$0.00 ,$0.00 ,$1.00 ,$7.65 ,Cash,,41.89204214,-87.63186395,POINT (-87.631864 41.892042),41.90749193,-87.63576009,POINT (-87.63576 41.907492)
218648,038a1983ee1066e4d987ac296ebad7daea343638,14f145d08a9f98d9d306e5dbdbb48ebff217576c50e2b2e8b44a8669d364fdd74ae648e696850d50710831ca35f8fc9b6f1fb0cb3f5dbab30e242167b725fef3,9/10/13 22:15,9/10/13 22:15,360,1.2,17031839100,17031081500,32,8,$6.05 ,$0.00 ,$0.00 ,$1.00 ,$7.05 ,Cash,,41.88099447,-87.63274649,POINT (-87.632746 41.880994),41.89250778,-87.62621491,POINT (-87.626215 41.892508)
